{"accuracy": [0.12061068415641785, 0.14793089032173157, 0.1604660451412201, 0.16769787669181824, 0.17468863725662231, 0.1796705573797226, 0.1867416650056839, 0.19590197503566742, 0.20168742537498474, 0.20136600732803345, 0.20739252865314484, 0.2099638432264328, 0.21245479583740234, 0.22032944858074188, 0.22450783848762512, 0.22989152371883392, 0.2365608662366867, 0.23310565948486328, 0.2378465235233307, 0.2429088056087494, 0.2395339459180832, 0.24652470648288727, 0.249015673995018, 0.24885496497154236, 0.2566492557525635, 0.26605063676834106, 0.26532745361328125, 0.2621133029460907, 0.2667737901210785, 0.2760144770145416, 0.27505022287368774, 0.2782643735408783, 0.286701500415802, 0.2876657247543335, 0.2887103259563446, 0.2936922311782837, 0.31040579080581665, 0.32390516996383667, 0.3290477991104126, 0.3260747194290161, 0.32784250378608704, 0.3313780725002289, 0.34768983721733093, 0.3567698001861572, 0.35443952679634094, 0.36448371410369873, 0.3553234338760376, 0.3597428798675537, 0.3684210479259491, 0.37123343348503113], "loss": [4.500500679016113, 4.167194843292236, 4.0855712890625, 3.999105453491211, 3.931403398513794, 3.8525257110595703, 3.781000852584839, 3.700904369354248, 3.616244316101074, 3.5498428344726562, 3.4793152809143066, 3.4248640537261963, 3.3475382328033447, 3.2973926067352295, 3.23014760017395, 3.1843483448028564, 3.1522932052612305, 3.1079447269439697, 3.0788049697875977, 3.0423190593719482, 3.017782211303711, 2.980700969696045, 2.9619784355163574, 2.939793825149536, 2.915724754333496, 2.8797574043273926, 2.8747777938842773, 2.8601605892181396, 2.832051992416382, 2.805623769760132, 2.7975733280181885, 2.7893431186676025, 2.77364444732666, 2.7640650272369385, 2.751478672027588, 2.725001811981201, 2.655771255493164, 2.6130950450897217, 2.5943994522094727, 2.592721700668335, 2.5688583850860596, 2.5480175018310547, 2.5110576152801514, 2.4812464714050293, 2.4745519161224365, 2.4510040283203125, 2.4529201984405518, 2.4373626708984375, 2.416661024093628, 2.412398099899292], "val_accuracy": [0.0899742916226387, 0.1879820078611374, 0.2114395946264267, 0.2162596434354782, 0.18155527114868164, 0.21658097207546234, 0.2185090035200119, 0.20854756236076355, 0.21786633133888245, 0.23778919875621796, 0.23521851003170013, 0.232326477766037, 0.2535347044467926, 0.24582262337207794, 0.2300771176815033, 0.24453727900981903, 0.23200513422489166, 0.25996142625808716, 0.25803342461586, 0.26574549078941345, 0.28438302874565125, 0.26928019523620605, 0.28084832429885864, 0.26799485087394714, 0.2689588665962219, 0.2802056670188904, 0.25996142625808716, 0.2724935710430145, 0.2744216024875641, 0.2724935710430145, 0.27731361985206604, 0.2792416512966156, 0.2991645336151123, 0.3004498779773712, 0.2920951247215271, 0.2875964045524597, 0.3165166974067688, 0.3226221203804016, 0.3338688910007477, 0.33001285791397095, 0.3155527114868164, 0.3284061551094055, 0.32551413774490356, 0.3267994821071625, 0.339652955532074, 0.336760938167572, 0.33579692244529724, 0.33451157808303833, 0.34415167570114136, 0.34158098697662354], "val_loss": [4.449878215789795, 3.9879868030548096, 3.9219436645507812, 3.826598644256592, 3.870591878890991, 3.726353883743286, 3.6887552738189697, 3.6519289016723633, 3.534886121749878, 3.428018569946289, 3.3722290992736816, 3.3856709003448486, 3.278477907180786, 3.2452025413513184, 3.250094175338745, 3.123635768890381, 3.167958974838257, 3.0656380653381348, 3.0984976291656494, 3.0074291229248047, 2.944509983062744, 2.950471878051758, 2.905336856842041, 2.9228146076202393, 2.899888277053833, 2.930337905883789, 2.904710054397583, 2.8994040489196777, 2.893282651901245, 2.9061553478240967, 2.8721847534179688, 2.8204991817474365, 2.77024507522583, 2.7895846366882324, 2.810668706893921, 2.8095433712005615, 2.7349960803985596, 2.721440315246582, 2.6568126678466797, 2.6833627223968506, 2.716214656829834, 2.6724753379821777, 2.6676671504974365, 2.685565948486328, 2.6558480262756348, 2.6568562984466553, 2.650491714477539, 2.645775079727173, 2.621204137802124, 2.6557743549346924], "learning_rate": [9.999999747378752e-05, 9.999999747378752e-05, 9.999999747378752e-05, 9.999999747378752e-05, 9.999999747378752e-05, 9.999999747378752e-05, 9.999999747378752e-05, 9.999999747378752e-05, 9.999999747378752e-05, 9.999999747378752e-05, 9.999999747378752e-05, 9.999999747378752e-05, 9.999999747378752e-05, 9.999999747378752e-05, 9.999999747378752e-05, 9.999999747378752e-05, 9.999999747378752e-05, 9.999999747378752e-05, 9.999999747378752e-05, 9.999999747378752e-05, 9.999999747378752e-05, 9.999999747378752e-05, 9.999999747378752e-05, 9.999999747378752e-05, 9.999999747378752e-05, 9.999999747378752e-05, 9.999999747378752e-05, 9.999999747378752e-05, 9.999999747378752e-05, 9.999999747378752e-05, 9.999999747378752e-05, 9.999999747378752e-05, 9.999999747378752e-05, 9.999999747378752e-05, 9.999999747378752e-05, 9.999999747378752e-05, 4.999999873689376e-05, 4.999999873689376e-05, 4.999999873689376e-05, 4.999999873689376e-05, 4.999999873689376e-05, 4.999999873689376e-05, 2.499999936844688e-05, 2.499999936844688e-05, 2.499999936844688e-05, 2.499999936844688e-05, 2.499999936844688e-05, 2.499999936844688e-05, 2.499999936844688e-05, 2.499999936844688e-05]}